customer_id,customer_name,email,join_date
1,Whitney Lopez,jonesrobert@example.net,2025-10-24
2,Jasmine Fox,benjamin35@example.net,2024-12-06
3,Lisa Davis,leonthomas@example.net,2025-07-17
4,Raymond Callahan,smithantonio@example.net,2023-06-22
5,Olivia Vincent,shannonkane@example.org,2025-07-06
6,Terry Gutierrez,devincherry@example.com,2022-01-10
7,Jesse Rodriguez DDS,anthonyturner@example.com,2023-05-09
8,Elizabeth Mccann DVM,xnewton@example.com,2022-05-24
9,Barbara Richards,friedmanrachel@example.org,2024-03-14
10,Bryan Chang,jacquelineluna@example.net,2024-02-13
11,Brady Williams,fsandoval@example.org,2023-06-16
12,Kimberly Kelly,hughesgregory@example.com,2024-12-18
13,Brianna Mcdowell MD,bjackson@example.org,2025-07-15
14,Ricardo Gibson,weissraymond@example.org,2022-05-31
15,Scott Barron,wilcoxkevin@example.net,2021-08-13
16,Catherine Lopez,darylsummers@example.net,2021-06-25
17,Herbert Howard,colereyes@example.net,2025-12-02
18,Gary Davis,john15@example.net,2025-06-23
19,Rebecca Williams,jeffmills@example.org,2025-12-21
20,Hailey Baker,tgonzalez@example.org,2024-05-13
21,Dominic Jennings,irose@example.net,2022-05-26
22,Edward Collins,andrewpotter@example.com,2023-11-14
23,Isabel Clarke,scopeland@example.org,2025-11-26
24,Katherine Craig,aholmes@example.org,2025-02-18
25,Gary Tran,francisco48@example.net,2021-07-16
26,Molly Miller,maria13@example.net,2024-06-27
27,Autumn Day,chaneyangela@example.net,2022-01-20
28,Jimmy Hernandez,william61@example.org,2024-03-24
29,Joy Rios,walkerchristopher@example.org,2022-05-18
30,Richard Diaz,jose15@example.com,2025-09-14
31,Robin Castillo,carl67@example.net,2021-05-15
32,Mrs. Ashley Frank MD,kara42@example.org,2022-07-02
33,Christopher Thompson,elizabethsparks@example.net,2024-11-03
34,Shelby Smith,josephsanders@example.org,2025-08-07
35,Sarah Mcpherson,ifields@example.net,2022-11-07
36,James Webster,wilsonkimberly@example.com,2022-12-02
37,David Byrd,michelle75@example.net,2024-04-01
38,Roger Gonzalez,john30@example.org,2023-01-26
39,Megan Hampton,brennanmary@example.org,2024-04-16
40,Dr. Tyler Walker,andresrichardson@example.org,2024-06-20
41,Caitlin James,sdalton@example.org,2023-06-05
42,Natalie Santana,davidwallace@example.com,2021-03-25
43,Donna Hill,xsmith@example.com,2025-06-29
44,Jacob Smith,tyleravila@example.net,2025-01-18
45,Sheila Lloyd,mandykerr@example.net,2023-07-17
46,Sandra Warren,reynoldssarah@example.com,2023-02-15
47,Joseph King,ricardo11@example.net,2025-08-09
48,Derek Bradford,clarkdiane@example.com,2021-04-09
49,Julie Henson,rebeccaanderson@example.org,2025-03-08
50,Brittney Baldwin,collin03@example.com,2026-02-16
51,Robert Levine,christopherdavis@example.org,2025-07-10
52,Jonathan Evans,lopezrussell@example.net,2023-05-04
53,James Mccann,jessica58@example.com,2024-12-21
54,William Edwards,fisherethan@example.com,2023-11-21
55,Mark Lee,theresadavis@example.com,2023-11-13
56,David Castillo,fcampbell@example.com,2022-10-19
57,Kevin Gardner,peter59@example.org,2025-01-18
58,Melissa Garcia,guzmanmaria@example.net,2025-02-07
59,Phillip Greene,debrasantiago@example.net,2021-03-10
60,Rebecca Clark,faith17@example.com,2024-07-03
61,Nina Olson,nhebert@example.net,2024-04-02
62,Andrew Frazier,rachaelbailey@example.net,2024-06-21
63,David Dennis,qrussell@example.net,2021-09-08
64,Terry Golden,bentonkevin@example.net,2021-05-01
65,Kenneth Rowland,jrodriguez@example.org,2023-08-21
66,Joel Mendez,peterhughes@example.net,2025-03-16
67,Stephanie Fox,emercer@example.com,2025-05-18
68,Regina Garcia,greg04@example.com,2021-12-07
69,John Rivera,herringmichael@example.net,2023-06-17
70,April Mendez,cunninghamcole@example.org,2022-11-09
71,Phillip Baxter,andersonchristopher@example.net,2024-04-22
72,Stephanie Jenkins,harrelljimmy@example.net,2025-08-09
73,Carrie Wallace,amandachase@example.net,2023-04-23
74,Tammy Smith,christopherhenry@example.net,2022-03-31
75,Debra Henson,smitherica@example.net,2025-12-09
76,Charlene Smith,samantha09@example.org,2021-06-24
77,Karen Warner,wagnermarissa@example.net,2025-10-29
78,Raymond Delgado,zoe51@example.net,2025-12-20
79,Julia Collins,heathercastro@example.net,2022-07-10
80,Timothy Cline,aprilthomas@example.com,2021-08-26
81,Ryan Flores,marcusmoreno@example.net,2022-10-01
82,Tyler Rose,duffyjennifer@example.net,2022-11-10
83,Jennifer Hayes,thomas10@example.org,2022-08-15
84,Aaron Miller,rachelrodriguez@example.com,2021-07-21
85,Anna Cole,barbaraestrada@example.net,2025-06-08
86,Melinda White,wpowell@example.org,2025-07-21
87,Sarah Schneider,michellerose@example.org,2025-05-14
88,David Larson,woodardangela@example.org,2023-05-19
89,Theresa Pope,damonshields@example.net,2021-09-16
90,Janice Bell,carol23@example.com,2025-08-21
91,Sean Bullock,rcoffey@example.com,2023-03-21
92,Robert Montes,imaldonado@example.net,2025-04-03
93,Anna Anderson,michelleevans@example.net,2022-03-06
94,Alison Davis,harringtonsusan@example.org,2024-08-02
95,Jeff Johnson,markclark@example.com,2025-12-09
96,Cynthia Willis,sanderson@example.org,2025-03-27
97,Tyler King,cunninghamchristina@example.org,2022-11-29
98,Amanda Kennedy,powerseric@example.net,2023-07-23
99,Jennifer Obrien,bishopbrandon@example.com,2022-04-29
100,Antonio Young,wrojas@example.com,2023-08-06
101,Glenn Ross,murraycynthia@example.net,2022-02-02
102,Barbara Ramirez,harold97@example.net,2022-02-04
103,Mr. Richard Lawrence,zmartinez@example.org,2024-03-23
104,Heather Jones,tdudley@example.org,2024-01-05
105,Mr. Benjamin Campbell Jr.,peterslisa@example.org,2021-12-13
106,Kimberly Davis,rodriguezerika@example.com,2023-12-18
107,David Gentry,jordansmith@example.org,2021-09-22
108,Michael Davis,steven82@example.com,2022-02-04
109,Brett Kelly,dtaylor@example.com,2024-06-05
110,Steven Pruitt,omaldonado@example.net,2022-12-04
111,Ross Clark,ariel67@example.org,2021-09-05
112,Brianna Sanchez,vdelgado@example.net,2024-05-20
113,Heather Khan,robertfisher@example.com,2021-07-13
114,Melinda Berry,paigecampbell@example.org,2024-12-13
115,Eric Hurley PhD,micheallewis@example.org,2025-08-16
116,Daniel Mccarthy,welchadam@example.net,2024-10-08
117,Lori Richards,cassandra09@example.org,2021-12-20
118,Linda Keith,julie01@example.org,2022-04-05
119,Madison Perkins,kelleymariah@example.net,2021-04-10
120,Audrey Ramirez,haleyhartman@example.com,2025-02-17
121,Ashley Christian,taylorthomas@example.org,2024-09-14
122,Chad Holland,ywilliams@example.net,2022-10-04
123,Linda Fletcher,ygrant@example.com,2025-03-16
124,Kayla Carpenter,nsilva@example.net,2024-11-28
125,Robert Ward,carolinelynn@example.org,2022-12-23
126,Michelle Hernandez,fbass@example.com,2022-04-11
127,David Ingram,wallspeter@example.org,2022-10-15
128,Mrs. Julie Gomez,kpowell@example.org,2024-12-17
129,Michael Cook,orodriguez@example.com,2025-03-13
130,Alexander Faulkner,schaefercassandra@example.com,2025-02-27
131,Scott Simon,hmorris@example.com,2023-07-31
132,Patrick Hicks,lisawhitney@example.com,2021-10-23
133,David Jackson,krista08@example.net,2024-12-02
134,Charles Brady,patrick79@example.com,2023-10-01
135,Tricia Carpenter,mercedessimmons@example.com,2024-03-16
136,Jessica Gonzales,kelly25@example.com,2026-01-01
137,Donald Bowen,angeladickerson@example.org,2023-08-28
138,Peter Ryan,bairdjohn@example.com,2023-09-06
139,Dr. Mark Sanchez DVM,kimstephen@example.net,2024-08-25
140,Kyle Carter,scotttrevino@example.com,2023-10-21
141,Sarah Wagner,priscillawright@example.net,2025-04-07
142,John Williams,hardyandrew@example.net,2024-01-30
143,Sarah Sanchez,james46@example.net,2023-01-06
144,Joseph Mckee,zrobinson@example.com,2021-08-23
145,Gerald Mejia,carrie78@example.com,2023-01-18
146,Mrs. Carolyn Warren,justinpowell@example.com,2023-04-14
147,Angela Barnes,navarrojoshua@example.org,2023-02-06
148,Stuart Martinez,rduncan@example.org,2025-03-27
149,Gregory Martin,brooke64@example.net,2025-08-14
150,Margaret Olson,espinozacrystal@example.net,2021-12-07
151,Cynthia Benson,carrierobinson@example.net,2021-05-31
152,Donna Phillips,johnsonsamantha@example.net,2022-01-31
153,Christina Mccullough,tvillanueva@example.com,2023-07-06
154,Brandy Murphy,davidsweeney@example.org,2022-11-11
155,Dorothy Vega,ywilkerson@example.org,2025-12-15
156,Amber Parker,collinsamanda@example.org,2022-01-06
157,Nancy Garza,jacob13@example.net,2025-02-17
158,Kathy Chung,shancock@example.net,2023-09-18
159,Jose Cameron,kristi78@example.net,2022-12-22
160,Todd Melton,anthony03@example.com,2022-11-03
161,George Williams,mooneric@example.org,2021-11-29
162,Cheryl Robinson,lynn20@example.org,2023-06-21
163,Jessica Calderon,derekbeard@example.org,2021-03-11
164,Tracy Barnes,joshuahernandez@example.com,2022-04-03
165,Tim Peck,phillipsmonica@example.org,2024-09-15
166,Angela Martin,joshuagolden@example.org,2025-05-21
167,Brandy Gibson,kburns@example.com,2024-01-30
168,Timothy Phillips,villarrealnicole@example.net,2024-01-15
169,Carolyn Johnson,tuckerzachary@example.net,2021-07-06
170,Megan Walton,briankoch@example.com,2026-01-07
171,Angela Martin,morganjohn@example.com,2021-08-01
172,Curtis Torres,haysscott@example.com,2021-04-08
173,Melissa Marshall,englishrebecca@example.net,2025-02-11
174,Kaitlyn Solomon,kelseybradshaw@example.com,2026-01-01
175,Jessica Hart,benjaminherrera@example.com,2023-03-05
176,Jennifer Jackson,milleranthony@example.net,2023-12-01
177,Michael Lewis,kwagner@example.org,2024-03-26
178,Rebecca Williams,zmarshall@example.org,2023-05-24
179,Holly Koch,jared13@example.org,2025-07-12
180,Joseph Hull,hickmanvictoria@example.org,2021-11-16
181,Kelly Fowler,fbarrett@example.com,2023-09-22
182,Carrie Mills,rmathews@example.net,2021-11-22
183,Carla Owen,rachel85@example.org,2024-09-04
184,Barbara Lewis,yvonnejohnson@example.com,2024-09-26
185,Brandon Reyes,sandra28@example.com,2022-01-15
186,Hector Knight,scottlloyd@example.org,2024-05-13
187,Sean Morton,lopeztina@example.net,2024-08-25
188,Kimberly Ramirez,kerrjeffrey@example.com,2026-01-02
189,Brenda Martin,elizabethnash@example.net,2023-12-25
190,Steven Singleton,lcastaneda@example.org,2024-06-03
191,Brandon Garrett,laura84@example.org,2025-01-30
192,Ruth Mason,leslie04@example.com,2025-07-04
193,Stephanie Stewart,randyyu@example.net,2025-03-08
194,Matthew Bentley,tburgess@example.net,2025-06-10
195,Mr. Kevin Snyder,hayesbrandi@example.com,2024-03-13
196,Karen Taylor,campbellchristopher@example.com,2022-04-05
197,Michael Byrd,catherine98@example.com,2024-11-21
198,Melissa Petersen,emilydavis@example.com,2025-04-26
199,Richard Chandler,johnsonemily@example.net,2021-04-23
200,Kim Lynch,floresmichael@example.com,2024-05-03
